"transportation_type","date","direction_requests","consumption","sales_MM_dollars"
"driving",2020-01-01,107.362105263158,"auto_parts_tires_sales",7525
"driving",2020-01-01,107.362105263158,"alcoholic_beverage_sales",4178
"driving",2020-01-01,107.362105263158,"electronics_sales",5823
"driving",2020-01-01,107.362105263158,"grocery_sales",58230
"driving",2020-01-01,107.362105263158,"toy_store_sales",1160
"driving",2020-01-01,107.362105263158,"restaurant_spend",54773
"driving",2020-01-01,107.362105263158,"sporting_good_sales",2946
"driving",2020-02-01,116.07918022121,"auto_parts_tires_sales",7229
"driving",2020-02-01,116.07918022121,"alcoholic_beverage_sales",4301
"driving",2020-02-01,116.07918022121,"electronics_sales",5419
"driving",2020-02-01,116.07918022121,"grocery_sales",55239
"driving",2020-02-01,116.07918022121,"toy_store_sales",1185
"driving",2020-02-01,116.07918022121,"restaurant_spend",55733
"driving",2020-02-01,116.07918022121,"sporting_good_sales",3054
"driving",2020-03-01,89.0404077906269,"auto_parts_tires_sales",7470
"driving",2020-03-01,89.0404077906269,"alcoholic_beverage_sales",5224
"driving",2020-03-01,89.0404077906269,"electronics_sales",4495
"driving",2020-03-01,89.0404077906269,"grocery_sales",73003
"driving",2020-03-01,89.0404077906269,"toy_store_sales",850
"driving",2020-03-01,89.0404077906269,"restaurant_spend",42948
"driving",2020-03-01,89.0404077906269,"sporting_good_sales",3399
"driving",2020-04-01,66.6040188679245,"auto_parts_tires_sales",6966
"driving",2020-04-01,66.6040188679245,"alcoholic_beverage_sales",4905
"driving",2020-04-01,66.6040188679245,"electronics_sales",1888
"driving",2020-04-01,66.6040188679245,"grocery_sales",63454
"driving",2020-04-01,66.6040188679245,"toy_store_sales",354
"driving",2020-04-01,66.6040188679245,"restaurant_spend",28161
"driving",2020-04-01,66.6040188679245,"sporting_good_sales",2565
"driving",2020-05-01,107.612927781392,"auto_parts_tires_sales",8492
"driving",2020-05-01,107.612927781392,"alcoholic_beverage_sales",5909
"driving",2020-05-01,107.612927781392,"electronics_sales",2480
"driving",2020-05-01,107.612927781392,"grocery_sales",67331
"driving",2020-05-01,107.612927781392,"toy_store_sales",1100
"driving",2020-05-01,107.612927781392,"restaurant_spend",40687
"driving",2020-05-01,107.612927781392,"sporting_good_sales",4307
"driving",2020-06-01,146.322761006289,"auto_parts_tires_sales",9263
"driving",2020-06-01,146.322761006289,"alcoholic_beverage_sales",5734
"driving",2020-06-01,146.322761006289,"electronics_sales",3912
"driving",2020-06-01,146.322761006289,"grocery_sales",62806
"driving",2020-06-01,146.322761006289,"toy_store_sales",1395
"driving",2020-06-01,146.322761006289,"restaurant_spend",49679
"driving",2020-06-01,146.322761006289,"sporting_good_sales",5779
"driving",2020-07-01,164.687090687766,"auto_parts_tires_sales",9122
"driving",2020-07-01,164.687090687766,"alcoholic_beverage_sales",6055
"driving",2020-07-01,164.687090687766,"electronics_sales",4761
"driving",2020-07-01,164.687090687766,"grocery_sales",65575
"driving",2020-07-01,164.687090687766,"toy_store_sales",1383
"driving",2020-07-01,164.687090687766,"restaurant_spend",52664
"driving",2020-07-01,164.687090687766,"sporting_good_sales",5335
"driving",2020-08-01,164.997863664029,"auto_parts_tires_sales",8940
"driving",2020-08-01,164.997863664029,"alcoholic_beverage_sales",5759
"driving",2020-08-01,164.997863664029,"electronics_sales",5035
"driving",2020-08-01,164.997863664029,"grocery_sales",63141
"driving",2020-08-01,164.997863664029,"toy_store_sales",1479
"driving",2020-08-01,164.997863664029,"restaurant_spend",54107
"driving",2020-08-01,164.997863664029,"sporting_good_sales",5047
"driving",2020-09-01,152.682440251572,"auto_parts_tires_sales",8572
"driving",2020-09-01,152.682440251572,"alcoholic_beverage_sales",5527
"driving",2020-09-01,152.682440251572,"electronics_sales",4737
"driving",2020-09-01,152.682440251572,"grocery_sales",60565
"driving",2020-09-01,152.682440251572,"toy_store_sales",1551
"driving",2020-09-01,152.682440251572,"restaurant_spend",52069
"driving",2020-09-01,152.682440251572,"sporting_good_sales",4699
"driving",2020-10-01,139.274059646987,"auto_parts_tires_sales",8688
"driving",2020-10-01,139.274059646987,"alcoholic_beverage_sales",5704
"driving",2020-10-01,139.274059646987,"electronics_sales",5082
"driving",2020-10-01,139.274059646987,"grocery_sales",62506
"driving",2020-10-01,139.274059646987,"toy_store_sales",1641
"driving",2020-10-01,139.274059646987,"restaurant_spend",54596
"driving",2020-10-01,139.274059646987,"sporting_good_sales",4581
"driving",2020-11-01,110.81513836478,"auto_parts_tires_sales",7877
"driving",2020-11-01,110.81513836478,"alcoholic_beverage_sales",5732
"driving",2020-11-01,110.81513836478,"electronics_sales",6514
"driving",2020-11-01,110.81513836478,"grocery_sales",62454
"driving",2020-11-01,110.81513836478,"toy_store_sales",2365
"driving",2020-11-01,110.81513836478,"restaurant_spend",48612
"driving",2020-11-01,110.81513836478,"sporting_good_sales",4527
"driving",2020-12-01,109.494960438223,"auto_parts_tires_sales",7839
"driving",2020-12-01,109.494960438223,"alcoholic_beverage_sales",7282
"driving",2020-12-01,109.494960438223,"electronics_sales",7630
"driving",2020-12-01,109.494960438223,"grocery_sales",65444
"driving",2020-12-01,109.494960438223,"toy_store_sales",2564
"driving",2020-12-01,109.494960438223,"restaurant_spend",49609
"driving",2020-12-01,109.494960438223,"sporting_good_sales",6661
"driving",2021-01-01,108.032105903834,"auto_parts_tires_sales",7686
"driving",2021-01-01,108.032105903834,"alcoholic_beverage_sales",5031
"driving",2021-01-01,108.032105903834,"electronics_sales",5237
"driving",2021-01-01,108.032105903834,"grocery_sales",63171
"driving",2021-01-01,108.032105903834,"toy_store_sales",1613
"driving",2021-01-01,108.032105903834,"restaurant_spend",50741
"driving",2021-01-01,108.032105903834,"sporting_good_sales",4060
"driving",2021-02-01,111.135761455526,"auto_parts_tires_sales",7489
"driving",2021-02-01,111.135761455526,"alcoholic_beverage_sales",4910
"driving",2021-02-01,111.135761455526,"electronics_sales",4651
"driving",2021-02-01,111.135761455526,"grocery_sales",57543
"driving",2021-02-01,111.135761455526,"toy_store_sales",1416
"driving",2021-02-01,111.135761455526,"restaurant_spend",48074
"driving",2021-02-01,111.135761455526,"sporting_good_sales",3754
"driving",2021-03-01,133.148194968553,"auto_parts_tires_sales",10168
"driving",2021-03-01,133.148194968553,"alcoholic_beverage_sales",5658
"driving",2021-03-01,133.148194968553,"electronics_sales",5945
"driving",2021-03-01,133.148194968553,"grocery_sales",63134
"driving",2021-03-01,133.148194968553,"toy_store_sales",1941
"driving",2021-03-01,133.148194968553,"restaurant_spend",62126
"driving",2021-03-01,133.148194968553,"sporting_good_sales",6035
"driving",2021-04-01,144.707528301887,"auto_parts_tires_sales",9838
"driving",2021-04-01,144.707528301887,"alcoholic_beverage_sales",5645
"driving",2021-04-01,144.707528301887,"electronics_sales",5517
"driving",2021-04-01,144.707528301887,"grocery_sales",62163
"driving",2021-04-01,144.707528301887,"toy_store_sales",1742
"driving",2021-04-01,144.707528301887,"restaurant_spend",64024
"driving",2021-04-01,144.707528301887,"sporting_good_sales",5760
"driving",2021-05-01,158.731807668898,"auto_parts_tires_sales",9420
"driving",2021-05-01,158.731807668898,"alcoholic_beverage_sales",6016
"driving",2021-05-01,158.731807668898,"electronics_sales",5747
"driving",2021-05-01,158.731807668898,"grocery_sales",66336
"driving",2021-05-01,158.731807668898,"toy_store_sales",1733
"driving",2021-05-01,158.731807668898,"restaurant_spend",69154
"driving",2021-05-01,158.731807668898,"sporting_good_sales",5586
"driving",2021-06-01,182.484182389937,"auto_parts_tires_sales",9673
"driving",2021-06-01,182.484182389937,"alcoholic_beverage_sales",5986
"driving",2021-06-01,182.484182389937,"electronics_sales",6002
"driving",2021-06-01,182.484182389937,"grocery_sales",64865
"driving",2021-06-01,182.484182389937,"toy_store_sales",1699
"driving",2021-06-01,182.484182389937,"restaurant_spend",69163
"driving",2021-06-01,182.484182389937,"sporting_good_sales",5912
"driving",2021-07-01,190.80804017042,"auto_parts_tires_sales",9704
"driving",2021-07-01,190.80804017042,"alcoholic_beverage_sales",6162
"driving",2021-07-01,190.80804017042,"electronics_sales",6089
"driving",2021-07-01,190.80804017042,"grocery_sales",67187
"driving",2021-07-01,190.80804017042,"toy_store_sales",1776
"driving",2021-07-01,190.80804017042,"restaurant_spend",72885
"driving",2021-07-01,190.80804017042,"sporting_good_sales",5721
"driving",2021-08-01,178.724443091905,"auto_parts_tires_sales",9829
"driving",2021-08-01,178.724443091905,"alcoholic_beverage_sales",5701
"driving",2021-08-01,178.724443091905,"electronics_sales",6057
"driving",2021-08-01,178.724443091905,"grocery_sales",66583
"driving",2021-08-01,178.724443091905,"toy_store_sales",1807
"driving",2021-08-01,178.724443091905,"restaurant_spend",69588
"driving",2021-08-01,178.724443091905,"sporting_good_sales",5752
"driving",2021-09-01,169.791981132075,"auto_parts_tires_sales",9432
"driving",2021-09-01,169.791981132075,"alcoholic_beverage_sales",5572
"driving",2021-09-01,169.791981132075,"electronics_sales",5763
"driving",2021-09-01,169.791981132075,"grocery_sales",65263
"driving",2021-09-01,169.791981132075,"toy_store_sales",1900
"driving",2021-09-01,169.791981132075,"restaurant_spend",65722
"driving",2021-09-01,169.791981132075,"sporting_good_sales",4973
"driving",2021-10-01,170.008861838101,"auto_parts_tires_sales",9844
"driving",2021-10-01,170.008861838101,"alcoholic_beverage_sales",5761
"driving",2021-10-01,170.008861838101,"electronics_sales",6127
"driving",2021-10-01,170.008861838101,"grocery_sales",67795
"driving",2021-10-01,170.008861838101,"toy_store_sales",2031
"driving",2021-10-01,170.008861838101,"restaurant_spend",69027
"driving",2021-10-01,170.008861838101,"sporting_good_sales",5011
"driving",2021-11-01,156.026333333333,"auto_parts_tires_sales",9437
"driving",2021-11-01,156.026333333333,"alcoholic_beverage_sales",6021
"driving",2021-11-01,156.026333333333,"electronics_sales",7106
"driving",2021-11-01,156.026333333333,"grocery_sales",67280
"driving",2021-11-01,156.026333333333,"toy_store_sales",2850
"driving",2021-11-01,156.026333333333,"restaurant_spend",64830
"driving",2021-11-01,156.026333333333,"sporting_good_sales",5624
"driving",2021-12-01,158.274601339014,"auto_parts_tires_sales",9565
"driving",2021-12-01,158.274601339014,"alcoholic_beverage_sales",7701
"driving",2021-12-01,158.274601339014,"electronics_sales",8699
"driving",2021-12-01,158.274601339014,"grocery_sales",71845
"driving",2021-12-01,158.274601339014,"toy_store_sales",3133
"driving",2021-12-01,158.274601339014,"restaurant_spend",69543
"driving",2021-12-01,158.274601339014,"sporting_good_sales",7535
"driving",2022-01-01,140.881905051735,"auto_parts_tires_sales",9047
"driving",2022-01-01,140.881905051735,"alcoholic_beverage_sales",4939
"driving",2022-01-01,140.881905051735,"electronics_sales",5171
"driving",2022-01-01,140.881905051735,"grocery_sales",68099
"driving",2022-01-01,140.881905051735,"toy_store_sales",1626
"driving",2022-01-01,140.881905051735,"restaurant_spend",62002
"driving",2022-01-01,140.881905051735,"sporting_good_sales",4071
"driving",2022-02-01,158.565667115903,"auto_parts_tires_sales",8880
"driving",2022-02-01,158.565667115903,"alcoholic_beverage_sales",5054
"driving",2022-02-01,158.565667115903,"electronics_sales",4740
"driving",2022-02-01,158.565667115903,"grocery_sales",62607
"driving",2022-02-01,158.565667115903,"toy_store_sales",1671
"driving",2022-02-01,158.565667115903,"restaurant_spend",63715
"driving",2022-02-01,158.565667115903,"sporting_good_sales",4166
"transit",2020-01-01,98.7550428396573,"auto_parts_tires_sales",7525
"transit",2020-01-01,98.7550428396573,"alcoholic_beverage_sales",4178
"transit",2020-01-01,98.7550428396573,"electronics_sales",5823
"transit",2020-01-01,98.7550428396573,"grocery_sales",58230
"transit",2020-01-01,98.7550428396573,"toy_store_sales",1160
"transit",2020-01-01,98.7550428396573,"restaurant_spend",54773
"transit",2020-01-01,98.7550428396573,"sporting_good_sales",2946
"transit",2020-02-01,102.86218925421,"auto_parts_tires_sales",7229
"transit",2020-02-01,102.86218925421,"alcoholic_beverage_sales",4301
"transit",2020-02-01,102.86218925421,"electronics_sales",5419
"transit",2020-02-01,102.86218925421,"grocery_sales",55239
"transit",2020-02-01,102.86218925421,"toy_store_sales",1185
"transit",2020-02-01,102.86218925421,"restaurant_spend",55733
"transit",2020-02-01,102.86218925421,"sporting_good_sales",3054
"transit",2020-03-01,72.0340060015004,"auto_parts_tires_sales",7470
"transit",2020-03-01,72.0340060015004,"alcoholic_beverage_sales",5224
"transit",2020-03-01,72.0340060015004,"electronics_sales",4495
"transit",2020-03-01,72.0340060015004,"grocery_sales",73003
"transit",2020-03-01,72.0340060015004,"toy_store_sales",850
"transit",2020-03-01,72.0340060015004,"restaurant_spend",42948
"transit",2020-03-01,72.0340060015004,"sporting_good_sales",3399
"transit",2020-04-01,42.4766356589147,"auto_parts_tires_sales",6966
"transit",2020-04-01,42.4766356589147,"alcoholic_beverage_sales",4905
"transit",2020-04-01,42.4766356589147,"electronics_sales",1888
"transit",2020-04-01,42.4766356589147,"grocery_sales",63454
"transit",2020-04-01,42.4766356589147,"toy_store_sales",354
"transit",2020-04-01,42.4766356589147,"restaurant_spend",28161
"transit",2020-04-01,42.4766356589147,"sporting_good_sales",2565
"transit",2020-05-01,55.1439459864966,"auto_parts_tires_sales",8492
"transit",2020-05-01,55.1439459864966,"alcoholic_beverage_sales",5909
"transit",2020-05-01,55.1439459864966,"electronics_sales",2480
"transit",2020-05-01,55.1439459864966,"grocery_sales",67331
"transit",2020-05-01,55.1439459864966,"toy_store_sales",1100
"transit",2020-05-01,55.1439459864966,"restaurant_spend",40687
"transit",2020-05-01,55.1439459864966,"sporting_good_sales",4307
"transit",2020-06-01,72.325496124031,"auto_parts_tires_sales",9263
"transit",2020-06-01,72.325496124031,"alcoholic_beverage_sales",5734
"transit",2020-06-01,72.325496124031,"electronics_sales",3912
"transit",2020-06-01,72.325496124031,"grocery_sales",62806
"transit",2020-06-01,72.325496124031,"toy_store_sales",1395
"transit",2020-06-01,72.325496124031,"restaurant_spend",49679
"transit",2020-06-01,72.325496124031,"sporting_good_sales",5779
"transit",2020-07-01,77.0857014253563,"auto_parts_tires_sales",9122
"transit",2020-07-01,77.0857014253563,"alcoholic_beverage_sales",6055
"transit",2020-07-01,77.0857014253563,"electronics_sales",4761
"transit",2020-07-01,77.0857014253563,"grocery_sales",65575
"transit",2020-07-01,77.0857014253563,"toy_store_sales",1383
"transit",2020-07-01,77.0857014253563,"restaurant_spend",52664
"transit",2020-07-01,77.0857014253563,"sporting_good_sales",5335
"transit",2020-08-01,77.5239234808702,"auto_parts_tires_sales",8940
"transit",2020-08-01,77.5239234808702,"alcoholic_beverage_sales",5759
"transit",2020-08-01,77.5239234808702,"electronics_sales",5035
"transit",2020-08-01,77.5239234808702,"grocery_sales",63141
"transit",2020-08-01,77.5239234808702,"toy_store_sales",1479
"transit",2020-08-01,77.5239234808702,"restaurant_spend",54107
"transit",2020-08-01,77.5239234808702,"sporting_good_sales",5047
"transit",2020-09-01,78.0693720930233,"auto_parts_tires_sales",8572
"transit",2020-09-01,78.0693720930233,"alcoholic_beverage_sales",5527
"transit",2020-09-01,78.0693720930233,"electronics_sales",4737
"transit",2020-09-01,78.0693720930233,"grocery_sales",60565
"transit",2020-09-01,78.0693720930233,"toy_store_sales",1551
"transit",2020-09-01,78.0693720930233,"restaurant_spend",52069
"transit",2020-09-01,78.0693720930233,"sporting_good_sales",4699
"transit",2020-10-01,73.0785896474119,"auto_parts_tires_sales",8688
"transit",2020-10-01,73.0785896474119,"alcoholic_beverage_sales",5704
"transit",2020-10-01,73.0785896474119,"electronics_sales",5082
"transit",2020-10-01,73.0785896474119,"grocery_sales",62506
"transit",2020-10-01,73.0785896474119,"toy_store_sales",1641
"transit",2020-10-01,73.0785896474119,"restaurant_spend",54596
"transit",2020-10-01,73.0785896474119,"sporting_good_sales",4581
"transit",2020-11-01,61.1456821705426,"auto_parts_tires_sales",7877
"transit",2020-11-01,61.1456821705426,"alcoholic_beverage_sales",5732
"transit",2020-11-01,61.1456821705426,"electronics_sales",6514
"transit",2020-11-01,61.1456821705426,"grocery_sales",62454
"transit",2020-11-01,61.1456821705426,"toy_store_sales",2365
"transit",2020-11-01,61.1456821705426,"restaurant_spend",48612
"transit",2020-11-01,61.1456821705426,"sporting_good_sales",4527
"transit",2020-12-01,55.89048012003,"auto_parts_tires_sales",7839
"transit",2020-12-01,55.89048012003,"alcoholic_beverage_sales",7282
"transit",2020-12-01,55.89048012003,"electronics_sales",7630
"transit",2020-12-01,55.89048012003,"grocery_sales",65444
"transit",2020-12-01,55.89048012003,"toy_store_sales",2564
"transit",2020-12-01,55.89048012003,"restaurant_spend",49609
"transit",2020-12-01,55.89048012003,"sporting_good_sales",6661
"transit",2021-01-01,57.0882370592648,"auto_parts_tires_sales",7686
"transit",2021-01-01,57.0882370592648,"alcoholic_beverage_sales",5031
"transit",2021-01-01,57.0882370592648,"electronics_sales",5237
"transit",2021-01-01,57.0882370592648,"grocery_sales",63171
"transit",2021-01-01,57.0882370592648,"toy_store_sales",1613
"transit",2021-01-01,57.0882370592648,"restaurant_spend",50741
"transit",2021-01-01,57.0882370592648,"sporting_good_sales",4060
"transit",2021-02-01,59.7541528239203,"auto_parts_tires_sales",7489
"transit",2021-02-01,59.7541528239203,"alcoholic_beverage_sales",4910
"transit",2021-02-01,59.7541528239203,"electronics_sales",4651
"transit",2021-02-01,59.7541528239203,"grocery_sales",57543
"transit",2021-02-01,59.7541528239203,"toy_store_sales",1416
"transit",2021-02-01,59.7541528239203,"restaurant_spend",48074
"transit",2021-02-01,59.7541528239203,"sporting_good_sales",3754
"transit",2021-03-01,69.8883798449612,"auto_parts_tires_sales",10168
"transit",2021-03-01,69.8883798449612,"alcoholic_beverage_sales",5658
"transit",2021-03-01,69.8883798449612,"electronics_sales",5945
"transit",2021-03-01,69.8883798449612,"grocery_sales",63134
"transit",2021-03-01,69.8883798449612,"toy_store_sales",1941
"transit",2021-03-01,69.8883798449612,"restaurant_spend",62126
"transit",2021-03-01,69.8883798449612,"sporting_good_sales",6035
"transit",2021-04-01,75.0412945736434,"auto_parts_tires_sales",9838
"transit",2021-04-01,75.0412945736434,"alcoholic_beverage_sales",5645
"transit",2021-04-01,75.0412945736434,"electronics_sales",5517
"transit",2021-04-01,75.0412945736434,"grocery_sales",62163
"transit",2021-04-01,75.0412945736434,"toy_store_sales",1742
"transit",2021-04-01,75.0412945736434,"restaurant_spend",64024
"transit",2021-04-01,75.0412945736434,"sporting_good_sales",5760
"transit",2021-05-01,81.5905101275319,"auto_parts_tires_sales",9420
"transit",2021-05-01,81.5905101275319,"alcoholic_beverage_sales",6016
"transit",2021-05-01,81.5905101275319,"electronics_sales",5747
"transit",2021-05-01,81.5905101275319,"grocery_sales",66336
"transit",2021-05-01,81.5905101275319,"toy_store_sales",1733
"transit",2021-05-01,81.5905101275319,"restaurant_spend",69154
"transit",2021-05-01,81.5905101275319,"sporting_good_sales",5586
"transit",2021-06-01,95.9060387596899,"auto_parts_tires_sales",9673
"transit",2021-06-01,95.9060387596899,"alcoholic_beverage_sales",5986
"transit",2021-06-01,95.9060387596899,"electronics_sales",6002
"transit",2021-06-01,95.9060387596899,"grocery_sales",64865
"transit",2021-06-01,95.9060387596899,"toy_store_sales",1699
"transit",2021-06-01,95.9060387596899,"restaurant_spend",69163
"transit",2021-06-01,95.9060387596899,"sporting_good_sales",5912
"transit",2021-07-01,101.103855963991,"auto_parts_tires_sales",9704
"transit",2021-07-01,101.103855963991,"alcoholic_beverage_sales",6162
"transit",2021-07-01,101.103855963991,"electronics_sales",6089
"transit",2021-07-01,101.103855963991,"grocery_sales",67187
"transit",2021-07-01,101.103855963991,"toy_store_sales",1776
"transit",2021-07-01,101.103855963991,"restaurant_spend",72885
"transit",2021-07-01,101.103855963991,"sporting_good_sales",5721
"transit",2021-08-01,103.794621155289,"auto_parts_tires_sales",9829
"transit",2021-08-01,103.794621155289,"alcoholic_beverage_sales",5701
"transit",2021-08-01,103.794621155289,"electronics_sales",6057
"transit",2021-08-01,103.794621155289,"grocery_sales",66583
"transit",2021-08-01,103.794621155289,"toy_store_sales",1807
"transit",2021-08-01,103.794621155289,"restaurant_spend",69588
"transit",2021-08-01,103.794621155289,"sporting_good_sales",5752
"transit",2021-09-01,108.598945736434,"auto_parts_tires_sales",9432
"transit",2021-09-01,108.598945736434,"alcoholic_beverage_sales",5572
"transit",2021-09-01,108.598945736434,"electronics_sales",5763
"transit",2021-09-01,108.598945736434,"grocery_sales",65263
"transit",2021-09-01,108.598945736434,"toy_store_sales",1900
"transit",2021-09-01,108.598945736434,"restaurant_spend",65722
"transit",2021-09-01,108.598945736434,"sporting_good_sales",4973
"transit",2021-10-01,107.380577644411,"auto_parts_tires_sales",9844
"transit",2021-10-01,107.380577644411,"alcoholic_beverage_sales",5761
"transit",2021-10-01,107.380577644411,"electronics_sales",6127
"transit",2021-10-01,107.380577644411,"grocery_sales",67795
"transit",2021-10-01,107.380577644411,"toy_store_sales",2031
"transit",2021-10-01,107.380577644411,"restaurant_spend",69027
"transit",2021-10-01,107.380577644411,"sporting_good_sales",5011
"transit",2021-11-01,100.620387596899,"auto_parts_tires_sales",9437
"transit",2021-11-01,100.620387596899,"alcoholic_beverage_sales",6021
"transit",2021-11-01,100.620387596899,"electronics_sales",7106
"transit",2021-11-01,100.620387596899,"grocery_sales",67280
"transit",2021-11-01,100.620387596899,"toy_store_sales",2850
"transit",2021-11-01,100.620387596899,"restaurant_spend",64830
"transit",2021-11-01,100.620387596899,"sporting_good_sales",5624
"transit",2021-12-01,97.4629107276819,"auto_parts_tires_sales",9565
"transit",2021-12-01,97.4629107276819,"alcoholic_beverage_sales",7701
"transit",2021-12-01,97.4629107276819,"electronics_sales",8699
"transit",2021-12-01,97.4629107276819,"grocery_sales",71845
"transit",2021-12-01,97.4629107276819,"toy_store_sales",3133
"transit",2021-12-01,97.4629107276819,"restaurant_spend",69543
"transit",2021-12-01,97.4629107276819,"sporting_good_sales",7535
"transit",2022-01-01,92.3452063015754,"auto_parts_tires_sales",9047
"transit",2022-01-01,92.3452063015754,"alcoholic_beverage_sales",4939
"transit",2022-01-01,92.3452063015754,"electronics_sales",5171
"transit",2022-01-01,92.3452063015754,"grocery_sales",68099
"transit",2022-01-01,92.3452063015754,"toy_store_sales",1626
"transit",2022-01-01,92.3452063015754,"restaurant_spend",62002
"transit",2022-01-01,92.3452063015754,"sporting_good_sales",4071
"transit",2022-02-01,106.801196013289,"auto_parts_tires_sales",8880
"transit",2022-02-01,106.801196013289,"alcoholic_beverage_sales",5054
"transit",2022-02-01,106.801196013289,"electronics_sales",4740
"transit",2022-02-01,106.801196013289,"grocery_sales",62607
"transit",2022-02-01,106.801196013289,"toy_store_sales",1671
"transit",2022-02-01,106.801196013289,"restaurant_spend",63715
"transit",2022-02-01,106.801196013289,"sporting_good_sales",4166
"walking",2020-01-01,107.181424148607,"auto_parts_tires_sales",7525
"walking",2020-01-01,107.181424148607,"alcoholic_beverage_sales",4178
"walking",2020-01-01,107.181424148607,"electronics_sales",5823
"walking",2020-01-01,107.181424148607,"grocery_sales",58230
"walking",2020-01-01,107.181424148607,"toy_store_sales",1160
"walking",2020-01-01,107.181424148607,"restaurant_spend",54773
"walking",2020-01-01,107.181424148607,"sporting_good_sales",2946
"walking",2020-02-01,117.221933739013,"auto_parts_tires_sales",7229
"walking",2020-02-01,117.221933739013,"alcoholic_beverage_sales",4301
"walking",2020-02-01,117.221933739013,"electronics_sales",5419
"walking",2020-02-01,117.221933739013,"grocery_sales",55239
"walking",2020-02-01,117.221933739013,"toy_store_sales",1185
"walking",2020-02-01,117.221933739013,"restaurant_spend",55733
"walking",2020-02-01,117.221933739013,"sporting_good_sales",3054
"walking",2020-03-01,86.6498102466793,"auto_parts_tires_sales",7470
"walking",2020-03-01,86.6498102466793,"alcoholic_beverage_sales",5224
"walking",2020-03-01,86.6498102466793,"electronics_sales",4495
"walking",2020-03-01,86.6498102466793,"grocery_sales",73003
"walking",2020-03-01,86.6498102466793,"toy_store_sales",850
"walking",2020-03-01,86.6498102466793,"restaurant_spend",42948
"walking",2020-03-01,86.6498102466793,"sporting_good_sales",3399
"walking",2020-04-01,63.6931241830065,"auto_parts_tires_sales",6966
"walking",2020-04-01,63.6931241830065,"alcoholic_beverage_sales",4905
"walking",2020-04-01,63.6931241830065,"electronics_sales",1888
"walking",2020-04-01,63.6931241830065,"grocery_sales",63454
"walking",2020-04-01,63.6931241830065,"toy_store_sales",354
"walking",2020-04-01,63.6931241830065,"restaurant_spend",28161
"walking",2020-04-01,63.6931241830065,"sporting_good_sales",2565
"walking",2020-05-01,103.310202403542,"auto_parts_tires_sales",8492
"walking",2020-05-01,103.310202403542,"alcoholic_beverage_sales",5909
"walking",2020-05-01,103.310202403542,"electronics_sales",2480
"walking",2020-05-01,103.310202403542,"grocery_sales",67331
"walking",2020-05-01,103.310202403542,"toy_store_sales",1100
"walking",2020-05-01,103.310202403542,"restaurant_spend",40687
"walking",2020-05-01,103.310202403542,"sporting_good_sales",4307
"walking",2020-06-01,147.390614379085,"auto_parts_tires_sales",9263
"walking",2020-06-01,147.390614379085,"alcoholic_beverage_sales",5734
"walking",2020-06-01,147.390614379085,"electronics_sales",3912
"walking",2020-06-01,147.390614379085,"grocery_sales",62806
"walking",2020-06-01,147.390614379085,"toy_store_sales",1395
"walking",2020-06-01,147.390614379085,"restaurant_spend",49679
"walking",2020-06-01,147.390614379085,"sporting_good_sales",5779
"walking",2020-07-01,166.188108791904,"auto_parts_tires_sales",9122
"walking",2020-07-01,166.188108791904,"alcoholic_beverage_sales",6055
"walking",2020-07-01,166.188108791904,"electronics_sales",4761
"walking",2020-07-01,166.188108791904,"grocery_sales",65575
"walking",2020-07-01,166.188108791904,"toy_store_sales",1383
"walking",2020-07-01,166.188108791904,"restaurant_spend",52664
"walking",2020-07-01,166.188108791904,"sporting_good_sales",5335
"walking",2020-08-01,181.04156230234,"auto_parts_tires_sales",8940
"walking",2020-08-01,181.04156230234,"alcoholic_beverage_sales",5759
"walking",2020-08-01,181.04156230234,"electronics_sales",5035
"walking",2020-08-01,181.04156230234,"grocery_sales",63141
"walking",2020-08-01,181.04156230234,"toy_store_sales",1479
"walking",2020-08-01,181.04156230234,"restaurant_spend",54107
"walking",2020-08-01,181.04156230234,"sporting_good_sales",5047
"walking",2020-09-01,169.222745098039,"auto_parts_tires_sales",8572
"walking",2020-09-01,169.222745098039,"alcoholic_beverage_sales",5527
"walking",2020-09-01,169.222745098039,"electronics_sales",4737
"walking",2020-09-01,169.222745098039,"grocery_sales",60565
"walking",2020-09-01,169.222745098039,"toy_store_sales",1551
"walking",2020-09-01,169.222745098039,"restaurant_spend",52069
"walking",2020-09-01,169.222745098039,"sporting_good_sales",4699
"walking",2020-10-01,155.145117014548,"auto_parts_tires_sales",8688
"walking",2020-10-01,155.145117014548,"alcoholic_beverage_sales",5704
"walking",2020-10-01,155.145117014548,"electronics_sales",5082
"walking",2020-10-01,155.145117014548,"grocery_sales",62506
"walking",2020-10-01,155.145117014548,"toy_store_sales",1641
"walking",2020-10-01,155.145117014548,"restaurant_spend",54596
"walking",2020-10-01,155.145117014548,"sporting_good_sales",4581
"walking",2020-11-01,125.079464052288,"auto_parts_tires_sales",7877
"walking",2020-11-01,125.079464052288,"alcoholic_beverage_sales",5732
"walking",2020-11-01,125.079464052288,"electronics_sales",6514
"walking",2020-11-01,125.079464052288,"grocery_sales",62454
"walking",2020-11-01,125.079464052288,"toy_store_sales",2365
"walking",2020-11-01,125.079464052288,"restaurant_spend",48612
"walking",2020-11-01,125.079464052288,"sporting_good_sales",4527
"walking",2020-12-01,126.839690069576,"auto_parts_tires_sales",7839
"walking",2020-12-01,126.839690069576,"alcoholic_beverage_sales",7282
"walking",2020-12-01,126.839690069576,"electronics_sales",7630
"walking",2020-12-01,126.839690069576,"grocery_sales",65444
"walking",2020-12-01,126.839690069576,"toy_store_sales",2564
"walking",2020-12-01,126.839690069576,"restaurant_spend",49609
"walking",2020-12-01,126.839690069576,"sporting_good_sales",6661
"walking",2021-01-01,119.52844402277,"auto_parts_tires_sales",7686
"walking",2021-01-01,119.52844402277,"alcoholic_beverage_sales",5031
"walking",2021-01-01,119.52844402277,"electronics_sales",5237
"walking",2021-01-01,119.52844402277,"grocery_sales",63171
"walking",2021-01-01,119.52844402277,"toy_store_sales",1613
"walking",2021-01-01,119.52844402277,"restaurant_spend",50741
"walking",2021-01-01,119.52844402277,"sporting_good_sales",4060
"walking",2021-02-01,124.188683473389,"auto_parts_tires_sales",7489
"walking",2021-02-01,124.188683473389,"alcoholic_beverage_sales",4910
"walking",2021-02-01,124.188683473389,"electronics_sales",4651
"walking",2021-02-01,124.188683473389,"grocery_sales",57543
"walking",2021-02-01,124.188683473389,"toy_store_sales",1416
"walking",2021-02-01,124.188683473389,"restaurant_spend",48074
"walking",2021-02-01,124.188683473389,"sporting_good_sales",3754
"walking",2021-03-01,150.07722875817,"auto_parts_tires_sales",10168
"walking",2021-03-01,150.07722875817,"alcoholic_beverage_sales",5658
"walking",2021-03-01,150.07722875817,"electronics_sales",5945
"walking",2021-03-01,150.07722875817,"grocery_sales",63134
"walking",2021-03-01,150.07722875817,"toy_store_sales",1941
"walking",2021-03-01,150.07722875817,"restaurant_spend",62126
"walking",2021-03-01,150.07722875817,"sporting_good_sales",6035
"walking",2021-04-01,163.887294117647,"auto_parts_tires_sales",9838
"walking",2021-04-01,163.887294117647,"alcoholic_beverage_sales",5645
"walking",2021-04-01,163.887294117647,"electronics_sales",5517
"walking",2021-04-01,163.887294117647,"grocery_sales",62163
"walking",2021-04-01,163.887294117647,"toy_store_sales",1742
"walking",2021-04-01,163.887294117647,"restaurant_spend",64024
"walking",2021-04-01,163.887294117647,"sporting_good_sales",5760
"walking",2021-05-01,182.33486401012,"auto_parts_tires_sales",9420
"walking",2021-05-01,182.33486401012,"alcoholic_beverage_sales",6016
"walking",2021-05-01,182.33486401012,"electronics_sales",5747
"walking",2021-05-01,182.33486401012,"grocery_sales",66336
"walking",2021-05-01,182.33486401012,"toy_store_sales",1733
"walking",2021-05-01,182.33486401012,"restaurant_spend",69154
"walking",2021-05-01,182.33486401012,"sporting_good_sales",5586
"walking",2021-06-01,210.967895424837,"auto_parts_tires_sales",9673
"walking",2021-06-01,210.967895424837,"alcoholic_beverage_sales",5986
"walking",2021-06-01,210.967895424837,"electronics_sales",6002
"walking",2021-06-01,210.967895424837,"grocery_sales",64865
"walking",2021-06-01,210.967895424837,"toy_store_sales",1699
"walking",2021-06-01,210.967895424837,"restaurant_spend",69163
"walking",2021-06-01,210.967895424837,"sporting_good_sales",5912
"walking",2021-07-01,222.881302972802,"auto_parts_tires_sales",9704
"walking",2021-07-01,222.881302972802,"alcoholic_beverage_sales",6162
"walking",2021-07-01,222.881302972802,"electronics_sales",6089
"walking",2021-07-01,222.881302972802,"grocery_sales",67187
"walking",2021-07-01,222.881302972802,"toy_store_sales",1776
"walking",2021-07-01,222.881302972802,"restaurant_spend",72885
"walking",2021-07-01,222.881302972802,"sporting_good_sales",5721
"walking",2021-08-01,230.523440860215,"auto_parts_tires_sales",9829
"walking",2021-08-01,230.523440860215,"alcoholic_beverage_sales",5701
"walking",2021-08-01,230.523440860215,"electronics_sales",6057
"walking",2021-08-01,230.523440860215,"grocery_sales",66583
"walking",2021-08-01,230.523440860215,"toy_store_sales",1807
"walking",2021-08-01,230.523440860215,"restaurant_spend",69588
"walking",2021-08-01,230.523440860215,"sporting_good_sales",5752
"walking",2021-09-01,222.244882352941,"auto_parts_tires_sales",9432
"walking",2021-09-01,222.244882352941,"alcoholic_beverage_sales",5572
"walking",2021-09-01,222.244882352941,"electronics_sales",5763
"walking",2021-09-01,222.244882352941,"grocery_sales",65263
"walking",2021-09-01,222.244882352941,"toy_store_sales",1900
"walking",2021-09-01,222.244882352941,"restaurant_spend",65722
"walking",2021-09-01,222.244882352941,"sporting_good_sales",4973
"walking",2021-10-01,210.662036685642,"auto_parts_tires_sales",9844
"walking",2021-10-01,210.662036685642,"alcoholic_beverage_sales",5761
"walking",2021-10-01,210.662036685642,"electronics_sales",6127
"walking",2021-10-01,210.662036685642,"grocery_sales",67795
"walking",2021-10-01,210.662036685642,"toy_store_sales",2031
"walking",2021-10-01,210.662036685642,"restaurant_spend",69027
"walking",2021-10-01,210.662036685642,"sporting_good_sales",5011
"walking",2021-11-01,179.649503267974,"auto_parts_tires_sales",9437
"walking",2021-11-01,179.649503267974,"alcoholic_beverage_sales",6021
"walking",2021-11-01,179.649503267974,"electronics_sales",7106
"walking",2021-11-01,179.649503267974,"grocery_sales",67280
"walking",2021-11-01,179.649503267974,"toy_store_sales",2850
"walking",2021-11-01,179.649503267974,"restaurant_spend",64830
"walking",2021-11-01,179.649503267974,"sporting_good_sales",5624
"walking",2021-12-01,178.230411132195,"auto_parts_tires_sales",9565
"walking",2021-12-01,178.230411132195,"alcoholic_beverage_sales",7701
"walking",2021-12-01,178.230411132195,"electronics_sales",8699
"walking",2021-12-01,178.230411132195,"grocery_sales",71845
"walking",2021-12-01,178.230411132195,"toy_store_sales",3133
"walking",2021-12-01,178.230411132195,"restaurant_spend",69543
"walking",2021-12-01,178.230411132195,"sporting_good_sales",7535
"walking",2022-01-01,153.977590132827,"auto_parts_tires_sales",9047
"walking",2022-01-01,153.977590132827,"alcoholic_beverage_sales",4939
"walking",2022-01-01,153.977590132827,"electronics_sales",5171
"walking",2022-01-01,153.977590132827,"grocery_sales",68099
"walking",2022-01-01,153.977590132827,"toy_store_sales",1626
"walking",2022-01-01,153.977590132827,"restaurant_spend",62002
"walking",2022-01-01,153.977590132827,"sporting_good_sales",4071
"walking",2022-02-01,174.316680672269,"auto_parts_tires_sales",8880
"walking",2022-02-01,174.316680672269,"alcoholic_beverage_sales",5054
"walking",2022-02-01,174.316680672269,"electronics_sales",4740
"walking",2022-02-01,174.316680672269,"grocery_sales",62607
"walking",2022-02-01,174.316680672269,"toy_store_sales",1671
"walking",2022-02-01,174.316680672269,"restaurant_spend",63715
"walking",2022-02-01,174.316680672269,"sporting_good_sales",4166
